{
  "intercept": 41.54568350192808,
  "coefficients": {
    "阶段(1-4)": 24.26096148825463,
    "金价(千$/oz)": -1.2104312430815896,
    "资源量(Moz)": 0.02044029361980182,
    "地下矿": 5.343963259162574,
    "澳大利亚": 7.211095056973433,
    "加拿大": 5.749996400505417,
    "非洲": -53.54816426082569,
    "南美": -43.25031296394967
  },
  "r_squared": 0.49991841335216325,
  "sample_size": 24,
  "feature_names": [
    "阶段(1-4)",
    "金价(千$/oz)",
    "资源量(Moz)",
    "地下矿",
    "澳大利亚",
    "加拿大",
    "非洲",
    "南美"
  ],
  "equation": "EV/oz = 41.5 + 24.26*stage + -1.21*gold_price_k + 0.02*resource_moz + 5.34*underground + 7.21*australia + 5.75*canada + -53.55*africa + -43.25*south_america"
}